<MissionPackageManifest version="2">
  <Configuration>
    <Parameter name="uid" value="a647112f-ce05-4312-a2b4-208d8d8a5fa8"/>
    <Parameter name="name" value="ATAK.zip"/>
    <Parameter name="onReceiveDelete" value="false"/>
  </Configuration>
  <Contents>
	<Content ignore="false" zipEntry="certs/config.pref"/>
    <Content ignore="false" zipEntry="certs/truststore-root.p12" type="application/x-pkcs12"/>
    <Content ignore="false" zipEntry="certs/MUSIC_node1.p12" type="application/x-pkcs12"/>
  </Contents>
</MissionPackageManifest>